New York,13820
New York,13838
New York,13840
New York,13901
New York,13905
New York,14006
New York,14024
New York,14026
New York,14029
New York,14039
New York,14041
New York,14047
New York,14086
New York,14098
New York,14103
New York,14107
New York,14112
New York,14127
New York,14136
New York,14145
New York,14167
New York,14174
New York,14204
New York,14215
New York,14263
New York,14301
New York,14413
New York,14424
New York,14445
New York,14454
New York,14463
New York,14467
New York,14471
New York,14480
New York,14485
New York,14516
New York,14518
New York,14520
New York,14522
New York,14537
New York,14541
New York,14550
New York,14556
New York,14569
New York,14608
New York,14617
New York,14620
New York,14627
New York,14639
New York,14646
New York,14694
New York,14702
New York,14714
New York,14718
New York,14722
New York,14730
New York,14732
New York,14735
New York,14739
New York,14748
New York,14756
New York,14766
New York,14770
New York,14775
New York,14781
New York,14785
New York,14786
